{
  "params": {
    "n_estimators": 234,
    "max_depth": 7,
    "min_samples_leaf": 2,
    "max_features": "log2"
  },
  "rmse": 2.5059033954900425,
  "rmse_recomputed": 2.5059033954900425,
  "per_participant_rmse": [
    2.4740227414525546,
    2.3017763792505175,
    2.256771753142307,
    2.441119911804503,
    2.297072819407212,
    1.6402997782445388,
    2.708102602760816,
    2.7386162474344498,
    2.177042379741307,
    2.1711283984435643,
    2.6274591220367576,
    3.370878911810478,
    2.6139048952467894,
    3.2895656310226626,
    1.9522880240692244,
    3.034404731973004
  ],
  "n_trials": 200,
  "objective": "lopo_mean_rmse",
  "preprocessing": "tree_global_0.01Hz",
  "seed": 42
}