{
  "params": {
    "n_estimators": 464,
    "learning_rate": 0.011425169977044526,
    "max_depth": 4,
    "subsample": 0.7609760003509812,
    "colsample_bytree": 0.633405052757472,
    "gamma": 1.8318015519770734,
    "reg_alpha": 0.23865559152416865,
    "reg_lambda": 1.5454485043128585
  },
  "rmse": 2.4715470470246723,
  "rmse_recomputed": 2.4715470470246723,
  "per_participant_rmse": [
    2.405471279392131,
    2.1982582836653504,
    2.099961324813228,
    2.311242080709024,
    2.291526585561639,
    1.7148538524345305,
    2.5371770299062746,
    2.8269366349024074,
    2.219245768595829,
    2.1821112213229226,
    2.69142759443115,
    3.083191462193293,
    2.615304476746765,
    3.5791443161744807,
    1.8994685349932015,
    2.8894323065525263
  ],
  "n_trials": 300,
  "objective": "lopo_mean_rmse",
  "preprocessing": "tree_global_0.01Hz",
  "seed": 42
}