{
  "params": {
    "batch_size": 64,
    "dropout": 0.22530639917316347,
    "hidden_size": 32,
    "lr": 0.00011701691957779585,
    "num_heads": 4,
    "num_layers": 1,
    "weight_decay": 1.0456828771886203e-06
  },
  "rmse": 2.339598512363251,
  "filter_hz": 0.03,
  "seq_length": 240,
  "best_trial": 66,
  "total_completed": 64,
  "total_pruned": 36
}